Name,Abbreviation,Country
Adderly Fong,FON,Hong Kong
Adolf Brudes,BRU,Germany
Adolfo Schwelm Cruz,SCH,Argentina
Adrian Campos,CAM,Spain
Adrian Sutil,SUT,Germany
Aguri Suzuki,SUZ,Japan
Al Herman,HER,United States of America
Al Keller,KEL,United States of America
Al Pease,PEA,Canada
Alain de Changy,DEC,Belgium
Alain Prost,PRO,France
Alan Brown,BRO,United Kingdom
Alan Jones,JON,Australia
Alan Rees,REE,United Kingdom
Alan Rollinson,ROL,United Kingdom
Alan Stacey,STA,United Kingdom
Albert Scherrer,SCH,Switzerland
Alberto Ascari,ASC,Italy
Alberto Colombo,COL,Italy
Alberto Crespo,CRE,Argentina
Alberto Rodriguez Larreta,ROD,Argentina
Alberto Uria,URI,Uruguay
Aldo Gordini,GOR,France
Alejandro de Tomaso,DET,Argentina
Alessandro Nannini,NAN,Italy
Alessandro Pesenti-Rossi,PES,Italy
Alex Caffi,CAF,Italy
Alex Palou,PAL,Spain
Alex Ribeiro,RIB,Brazil
Alex Soler-Roig,SOL,Spain
Alex Yoong,YOO,Malaysia
Alex Zanardi,ZAN,Italy
Alexander Albon,ALB,Thailand
Alexander Rossi,RSI,United States of America
Alexander Wurz,WUR,Austria
Alexandre Premat,PRE,France
Alfonso Celis Jr.,CEL,Mexico
Alfonso de Portago,DEP,Spain
Alfonso Thiele,THI,United States of America
Alfredo Pian,PIA,Argentina
Allan McNish,MCN,United Kingdom
Allen Berg,BER,Canada
Andre Guelfi,GUE,France
Andre Lotterer,LOT,Germany
Andre Milhoux,MIL,Belgium
Andre Pilette,PIL,Belgium
Andre Simon,SIM,France
Andre Testut,TES,Monaco
Andrea Chiesa,CHI,Switzerland
Andrea de Adamich,DEA,Italy
Andrea de Cesaris,DEC,Italy
Andrea Kimi Antonelli,ANT,Italy
Andrea Montermini,MON,Italy
Andy Linden,LIN,United States of America
Andy Sutcliffe,SUT,United Kingdom
Anthony Davidson,DAV,United Kingdom
Anthony Joseph Foyt,FOY,United States of America
Antonio Creus,CRE,Spain
Antonio Giovinazzi,GIO,Italy
Antonio Pizzonia,PIZ,Brazil
Archie Scott Brown,SCO,United Kingdom
Art Bisch,BIS,United States of America
Art Cross,CRO,United States of America
Artem Markelov,MAR,Russia
Arthur Leclerc,LEL,Monaco
Arthur Legat,LEG,Belgium
Arthur Owen,OWE,United Kingdom
Arturo Merzario,MER,Italy
Asdrubal Fontes Bayardo,FON,Uruguay
Ayrton Senna,SEN,Brazil
Ayumu Iwasa,IWA,Japan
Bas Leinders,LEI,Belgium
Basil van Rooyen,VAN,South Africa
Bayliss Levrett,LEV,United States of America
Ben Pon,PON,Netherlands
Beppe Gabbiani,GAB,Italy
Bernard Collomb,COL,France
Bernard de Dryver,DED,Belgium
Bernd Schneider,SCH,Germany
Bernie Ecclestone,ECC,United Kingdom
Bertil Roos,ROO,Sweden
Bertrand Gachot,GAC,France
Bill Aston,AST,United Kingdom
Bill Brack,BRA,Canada
Bill Cantrell,CAN,United States of America
Bill Cheesbourg,CHE,United States of America
Bill Holland,HOL,United States of America
Bill Homeier,HOM,United States of America
Bill Mackey,MAC,United States of America
Bill Moss,MOS,United Kingdom
Bill Schindler,SCH,United States of America
Bill Vukovich,VUK,United States of America
Bill Whitehouse,WHI,United Kingdom
Billy Garrett,GAR,United States of America
Birabongse Bhanudej,BIR,Thailand
Bjorn Wirdheim,WIR,Sweden
Bob Anderson,AND,United Kingdom
Bob Bondurant,BON,United States of America
Bob Christie,CHR,United States of America
Bob Drake,DRA,United States of America
Bob Evans,EVA,United Kingdom
Bob Gerard,GER,United Kingdom
Bob Said,SAI,United States of America
Bob Scott,SCO,United States of America
Bob Sweikert,SWE,United States of America
Bob Veith,VEI,United States of America
Bobby Ball,BAL,United States of America
Bobby Grim,GRI,United States of America
Bobby Rahal,RAH,United States of America
Bobby Unser,UNS,United States of America
Boy Hayje,HAY,Netherlands
Brausch Niemann,NIE,South Africa
Brendon Hartley,HAR,New Zealand
Brett Lunger,LUN,United States of America
Brian Gubby,GUB,United Kingdom
Brian Hart,HAR,United Kingdom
Brian Henton,HEN,United Kingdom
Brian McGuire,MCG,Australia
Brian Naylor,NAY,United Kingdom
Brian Redman,RED,United Kingdom
Brian Shawe-Taylor,SHA,United Kingdom
Bruce Halford,HAL,United Kingdom
Bruce Johnstone,JOH,South Africa
Bruce Kessler,KES,United States of America
Bruce McLaren,MCL,New Zealand
Bruno Giacomelli,GIA,Italy
Bruno Senna,SEN,Brazil
Bud Tingelstad,TIN,United States of America
Cal Niday,NID,United States of America
Callum Ilott,ILO,United Kingdom
Carel Godin de Beaufort,DEB,Netherlands
Carl Forberg,FOR,United States of America
Carl Scarborough,SCA,United States of America
Carlo Facetti,FAC,Italy
Carlo Franchi,FRA,Italy
Carlos Menditeguy,MEN,Argentina
Carlos Pace,PAC,Brazil
Carlos Reutemann,REU,Argentina
Carlos Sainz,SAI,Spain
Carroll Shelby,SHE,United States of America
Cecil Green,GRE,United States of America
Cesare Perdisa,PER,Italy
Chanoch Nissany,NIS,Israel
Charles de Tornaco,DET,Belgium
Charles Leclerc,LEC,Monaco
Charles Pic,PIC,France
Charles Pozzi,POZ,France
Chet Miller,MIL,United States of America
Chico Landi,LAN,Brazil
Chico Serra,SER,Brazil
Chris Amon,AMO,New Zealand
Chris Bristow,BRI,United Kingdom
Chris Craft,CRA,United Kingdom
Chris Irwin,IRW,United Kingdom
Chris Lawrence,LAW,United Kingdom
Christian Danner,DAN,Germany
Christian Fittipaldi,FIT,Brazil
Christian Goethals,GOE,Belgium
Christian Klien,KLI,Austria
Christijan Albers,ALB,Netherlands
Christophe Bouchut,BOU,France
Chuck Arnold,ARN,United States of America
Chuck Daigh,DAI,United States of America
Chuck Stevenson,STE,United States of America
Chuck Weyant,WEY,United States of America
Claudio Langes,LAN,Italy
Clay Regazzoni,REG,Switzerland
Clemar Bucci,BUC,Argentina
Clemente Biondetti,BIO,Italy
Cliff Allison,ALL,United Kingdom
Cliff Griffith,GRI,United States of America
Clive Puzey,PUZ,Zimbabwe
Colin Chapman,CHA,United Kingdom
Colin Davis,DAV,United Kingdom
Conny Andersson,AND,Sweden
Consalvo Sanesi,SAN,Italy
Corrado Fabi,FAB,Italy
Cristiano da Matta,DAM,Brazil
Cuth Harrison,HAR,United Kingdom
Damien Magee,MAG,United Kingdom
Damon Hill,HIL,United Kingdom
Dan Gurney,GUR,United States of America
Dani Clos,CLO,Spain
Daniel Juncadella,JUN,Spain
Daniel Ricciardo,RIC,Australia
Daniil Kvyat,KVY,Russia
Danny Kladis,KLA,United States of America
Danny Ongais,ONG,United States of America
Danny Sullivan,SUL,United States of America
Dave Charlton,CHA,South Africa
Dave Morgan,MOR,United Kingdom
David Brabham,BRA,Australia
David Coulthard,COU,United Kingdom
David Hampshire,HAM,United Kingdom
David Hobbs,HOB,United Kingdom
David Kennedy,KEN,Ireland
David Murray,MUR,United Kingdom
David Piper,PIP,United Kingdom
David Prophet,PRO,United Kingdom
David Purley,PUR,United Kingdom
David Walker,WAL,Australia
Davide Valsecchi,VAL,Italy
Dempsey Wilson,WIL,United States of America
Dennis Poore,POO,United Kingdom
Dennis Taylor,TAY,United Kingdom
Denny Hulme,HUL,New Zealand
Derek Bell,BEL,United Kingdom
Derek Daly,DAL,Ireland
Derek Warwick,WAR,United Kingdom
Desire Wilson,WIL,South Africa
Desmond Titterington,TIT,United Kingdom
Dick Gibson,GIB,United Kingdom
Dick Rathmann,RAT,United States of America
Didier Pironi,PIR,France
Dieter Quester,QUE,Austria
Divina Galica,GAL,United Kingdom
Domenico Schiattarella,SCH,Italy
Don Beauman,BEA,United Kingdom
Don Branson,BRA,United States of America
Don Edmunds,EDM,United States of America
Don Freeland,FRE,United States of America
Dorino Serafini,SER,Italy
Doug Serrurier,SER,South Africa
Dries van der Lof,VAN,Netherlands
Duane Carter,CAR,United States of America
Duke Dinsmore,DIN,United States of America
Duke Nalon,NAL,United States of America
Duncan Hamilton,HAM,United Kingdom
Ed Elisian,ELI,United States of America
Eddie Cheever,CHE,United States of America
Eddie Irvine,IRV,United Kingdom
Eddie Johnson,JOH,United States of America
Eddie Keizan,KEI,South Africa
Eddie Russo,RUS,United States of America
Eddie Sachs,SAC,United States of America
Edgar Barth,BAR,Germany
Eitel Cantoni,CAN,Uruguay
Elie Bayol,BAY,France
Elio de Angelis,DEA,Italy
Eliseo Salazar,SAL,Chile
Elmer George,GEO,United States of America
Emanuele Naspetti,NAS,Italy
Emanuele Pirro,PIR,Italy
Emerson Fittipaldi,FIT,Brazil
Emilio de Villota,DEV,Spain
Emilio Zapico,ZAP,Spain
Emmanuel de Graffenried,DEG,Switzerland
Enrico Bertaggia,BER,Italy
Enrico Toccacelo,TOC,Italy
Enrique Bernoldi,BER,Brazil
Eppie Wietzes,WIE,Canada
Eric Bernard,BER,France
Eric Brandon,BRA,United Kingdom
Eric Thompson,THO,United Kingdom
Eric van de Poele,VAN,Belgium
Erik Comas,COM,France
Ernesto Brambilla,BRA,Italy
Ernesto Prinoth,PRI,Italy
Ernesto Viso,VIS,Venezuela
Ernie McCoy,MCC,United States of America
Ernie Pieterse,PIE,South Africa
Ernst Klodwig,KLO,Germany
Ernst Loof,LOO,Germany
Erwin Bauer,BAU,Germany
Esteban Gutierrez,GUT,Mexico
Esteban Ocon,OCO,France
Esteban Tuero,TUE,Argentina
Ettore Chimeri,CHI,Venezuela
Eugene Chaboud,CHA,France
Eugene Martin,MAR,France
Eugenio Castellotti,CAS,Italy
Fabio Leimer,LEI,Switzerland
Fabrizio Barbazza,BAR,Italy
Fairuz Fauzy,FAU,Malaysia
Felice Bonetto,BON,Italy
Felipe Drugovich,DRU,Brazil
Felipe Massa,MAS,Brazil
Felipe Nasr,NAS,Brazil
Fernando Alonso,ALO,Spain
Franck Lagorce,LAG,France
Franck Montagny,MON,France
Franco Colapinto,COL,Argentina
Franco Comotti,COM,Italy
Franco Forini,FOR,Switzerland
Franco Rol,ROL,Italy
Francois Cevert,CEV,France
Francois Hesnault,HES,France
Francois Mazet,MAZ,France
Francois Migault,MIG,France
Francois Picard,PIC,France
Frank Armi,ARM,United States of America
Frank Dochnal,DOC,United States of America
Frank Gardner,GAR,Australia
Fred Agabashian,AGA,United States of America
Fred Gamble,GAM,United States of America
Fred Wacker,WAC,United States of America
Frederik Vesti,VES,Denmark
Fritz d'Orey,D'O,Brazil
Fritz Riess,RIE,Germany
Gabriele Tarquini,TAR,Italy
Gaetano Starrabba,STA,Italy
Gary Brabham,BRA,Australia
Gaston Mazzacane,MAZ,Argentina
Gene Force,FOR,United States of America
Gene Hartley,HAR,United States of America
Geoff Lees,LEE,United Kingdom
Geoffrey Crossley,CRO,United Kingdom
George Abecassis,ABE,United Kingdom
George Amick,AMI,United States of America
George Connor,CON,United States of America
George Constantine,CON,United States of America
George Eaton,EAT,Canada
George Follmer,FOL,United States of America
George Fonder,FON,United States of America
George Russell,RUS,United Kingdom
Georges Berger,BER,Belgium
Georges Grignard,GRI,France
Gerard Larrousse,LAR,France
Gerhard Berger,BER,Austria
Gerhard Mitter,MIT,Germany
Gerino Gerini,GER,Italy
Gerry Ashmore,ASH,United Kingdom
Giacomo Russo,RUS,Italy
Giancarlo Baghetti,BAG,Italy
Giancarlo Fisichella,FIS,Italy
Gianfranco Brancatelli,BRA,Italy
Gianmaria Bruni,BRU,Italy
Gianni Morbidelli,MOR,Italy
Giedo van der Garde,VDG,Netherlands
Gijs van Lennep,VAN,Netherlands
Gilles Villeneuve,VIL,Canada
Gino Bianco,BIA,Brazil
Gino Munaron,MUN,Italy
Giorgio Bassi,BAS,Italy
Giorgio Francia,FRA,Italy
Giorgio Mondini,MOD,Switzerland
Giorgio Pantano,PAN,Italy
Giorgio Scarlatti,SCA,Italy
Giovanna Amati,AMA,Italy
Giovanni de Riu,DER,Italy
Giovanni Lavaggi,LAV,Italy
Giulio Cabianca,CAB,Italy
Graham Hill,HIL,United Kingdom
Graham McRae,MCR,New Zealand
Graham Whitehead,WHI,United Kingdom
Gregor Foitek,FOI,Switzerland
Guanyu Zhou,ZHO,China
Gunnar Nilsson,NIL,Sweden
Gunther Seiffert,SEI,Germany
Gus Hutchison,HUT,United States of America
Guy Edwards,EDW,United Kingdom
Guy Ligier,LIG,France
Guy Mairesse,MAI,France
Guy Tunmer,TUN,South Africa
Hans Binder,BIN,Austria
Hans Herrmann,HER,Germany
Hans Heyer,HEY,Germany
Hans-Joachim Stuck,STU,Germany
Hans Klenk,KLE,Germany
Hans Stuck,STU,Germany
Hap Sharp,SHA,United States of America
Harald Ertl,ERT,Austria
Harry Blanchard,BLA,United States of America
Harry Merkel,MER,Germany
Harry Schell,SCH,United States of America
Hector Rebaque,REB,Mexico
Heikki Kovalainen,KOV,Finland
Heini Walter,WAL,Switzerland
Heinz-Harald Frentzen,FRE,Germany
Heinz Schiller,SCH,Switzerland
Helm Glockler,GLO,Germany
Helmut Marko,MAR,Austria
Helmut Niedermayr,NIE,Germany
Helmuth Koinigg,KOI,Austria
Henri Louveau,LOU,France
Henri Pescarolo,PES,France
Henry Banks,BAN,United States of America
Henry Taylor,TAY,United Kingdom
Herbert MacKay-Fraser,MAC,United States of America
Hermann Lang,LAN,Germany
Hermano da Silva Ramos,DAS,Brazil
Hideki Noda,NOD,Japan
Hiroshi Fushida,FUS,Japan
Horace Gould,GOU,United Kingdom
Howden Ganley,GAN,New Zealand
Hubert Hahne,HAH,Germany
Huub Rothengatter,ROT,Netherlands
Ian Ashley,ASH,United Kingdom
Ian Burgess,BUR,United Kingdom
Ian Raby,RAB,United Kingdom
Ian Scheckter,SCH,South Africa
Ian Stewart,STE,United Kingdom
Ignazio Giunti,GIU,Italy
Ingo Hoffmann,HOF,Brazil
Innes Ireland,IRE,United Kingdom
Isack Hadjar,HAD,France
Ivan Capelli,CAP,Italy
Ivor Bueb,BUE,United Kingdom
Jac Nellemann,NEL,Denmark
Jack Aitken,AIT,United Kingdom
Jack Brabham,BRA,Australia
Jack Doohan,DOO,Australia
Jack Fairman,FAI,United Kingdom
Jack McGrath,MCG,United States of America
Jack Turner,TUR,United States of America
Jackie Holmes,HOL,United States of America
Jackie Lewis,LEW,United Kingdom
Jackie Oliver,OLI,United Kingdom
Jackie Pretorius,PRE,South Africa
Jackie Stewart,STE,United Kingdom
Jacky Ickx,ICK,Belgium
Jacques Laffite,LAF,France
Jacques Pollet,POL,France
Jacques Swaters,SWA,Belgium
"Jacques Villeneuve, Sr.",VIL,Canada
Jacques Villeneuve,VIL,Canada
Jaime Alguersuari,ALG,Spain
Jake Dennis,DEN,United Kingdom
James Calado,CAL,United Kingdom
James Hunt,HUN,United Kingdom
Jan Charouz,CHA,Czech Republic
Jan Flinterman,FLI,Netherlands
Jan Lammers,LAM,Netherlands
Jan Magnussen,MAG,Denmark
Jarno Trulli,TRU,Italy
Jay Chamberlain,CHA,United States of America
Jean Alesi,ALE,France
Jean Behra,BEH,France
Jean-Christophe Boullion,BOU,France
Jean-Claude Rudaz,RUD,Switzerland
Jean-Denis Deletraz,DEL,Switzerland
Jean-Eric Vergne,VER,France
Jean-Louis Schlesser,SCH,France
Jean Lucas,LUC,France
Jean Lucienbonnet,LUC,France
Jean-Marc Gounon,GOU,France
Jean-Pierre Beltoise,BEL,France
Jean-Pierre Jabouille,JAB,France
Jean-Pierre Jarier,JAR,France
Jenson Button,BUT,United Kingdom
Jerome d'Ambrosio,DAM,Belgium
Jerry Hoyt,HOY,United States of America
Jerry Unser Jr.,UNS,United States of America
Jesus Iglesias,IGL,Argentina
Jim Clark,CLA,United Kingdom
Jim Crawford,CRA,United Kingdom
Jim Hall,HAL,United States of America
Jim Hurtubise,HUR,United States of America
Jim McWithey,MCW,United States of America
Jim Rathmann,RAT,United States of America
Jim Rigsby,RIG,United States of America
Jimmy Bryan,BRY,United States of America
Jimmy Davies,DAV,United States of America
Jimmy Daywalt,DAY,United States of America
Jimmy Jackson,JAC,United States of America
Jimmy Reece,REE,United States of America
Jimmy Stewart,STE,United Kingdom
JJ Lehto,JAR,Finland
Jo Bonnier,BON,Sweden
Jo Gartner,GAR,Austria
Jo Schlesser,SCH,France
Jo Siffert,SIF,Switzerland
Jo Vonlanthen,VON,Switzerland
Joachim Winkelhock,WIN,Germany
Jochen Mass,MAS,Germany
Jochen Rindt,RIN,Austria
Jody Scheckter,SCH,South Africa
Joe Fry,FRY,United Kingdom
Joe James,JAM,United States of America
Joe Kelly,KEL,Ireland
John Barber,BAR,United Kingdom
John Campbell-Jones,CAM,United Kingdom
John Cannon,CAN,Canada
John Cordts,COR,Canada
John Fitch,FIT,United States of America
John James,JAM,United Kingdom
John Love,LOV,Zimbabwe
John Miles,MIL,United Kingdom
John Nicholson,NIC,New Zealand
John Rhodes,RHO,United Kingdom
John Riseley-Prichard,RIS,United Kingdom
John Surtees,SUR,United Kingdom
John Taylor,TAY,United Kingdom
John Watson,WAT,United Kingdom
Johnnie Parsons,PAR,United States of America
Johnnie Tolan,TOL,United States of America
Johnny Boyd,BOY,United States of America
Johnny Cecotto,CEC,Venezuela
Johnny Claes,CLA,Belgium
Johnny Dumfries,DUM,United Kingdom
Johnny Herbert,HER,United Kingdom
Johnny Mantz,MAN,United States of America
Johnny McDowell,MCD,United States of America
Johnny Servoz-Gavin,SER,France
Johnny Thomson,THO,United States of America
Joie Chitwood,CHI,United States of America
Jolyon Palmer,PAL,United Kingdom
Jonathan Palmer,PAL,United Kingdom
Jonathan Williams,WIL,United Kingdom
Jordan King,KIN,United Kingdom
Jorge Daponte,DAP,Argentina
Jos Verstappen,VER,Netherlands
Jose Dolhem,DOL,France
Jose Froilan Gonzalez,GON,Argentina
Josef Peters,PET,Germany
Juan Jover,JOV,Spain
Juan Manuel Bordeu,BOR,Argentina
Juan Manuel Fangio,FAN,Argentina
Juan Pablo Montoya,MOY,Colombia
Jud Larson,LAR,United States of America
Jules Bianchi,BIA,France
Julian Bailey,BAI,United Kingdom
Juri Vips,VIP,Estonia
Justin Wilson,WIL,United Kingdom
Kamui Kobayashi,KOB,Japan
Karl-Gunther Bechem,BEC,Germany
Karl Kling,KLI,Germany
Karl Wendlinger,WEN,Austria
Karun Chandhok,CHD,India
Kazuki Nakajima,NAK,Japan
Kazuyoshi Hoshino,HOS,Japan
Keith Andrews,AND,United States of America
Keith Greene,GRE,United Kingdom
Keke Rosberg,ROS,Finland
Ken Downing,DOW,United Kingdom
Ken Kavanagh,KAV,Australia
Ken Richardson,RIC,United Kingdom
Ken Wharton,WHA,United Kingdom
Kenneth McAlpine,MCA,United Kingdom
Kenny Acheson,ACH,United Kingdom
Kevin Cogan,COG,United States of America
Kevin Magnussen,MAG,Denmark
Kimi Raikkonen,RAI,Finland
Kunimitsu Takahashi,TAK,Japan
Kurt Adolff,ADO,Germany
"Kurt Ahrens, Jr.",AHR,Germany
Kurt Kuhnke,KUH,Germany
Lamberto Leoni,LEO,Italy
Lance Macklin,MAC,United Kingdom
Lance Reventlow,REV,United States of America
Lance Stroll,STR,Canada
Lando Norris,NOR,United Kingdom
Larry Crockett,CRO,United States of America
Larry Perkins,PER,Australia
Lee Wallard,WAL,United States of America
Lella Lombardi,LOM,Italy
Len Duncan,DUN,United States of America
Len Sutton,SUT,United States of America
Leo Kinnunen,KIN,Finland
Les Leston,LES,United Kingdom
Leslie Johnson,JOH,United Kingdom
Leslie Marr,MAR,United Kingdom
Leslie Thorne,THO,United Kingdom
Lewis Hamilton,HAM,United Kingdom
Liam Lawson,LAW,New Zealand
Lloyd Ruby,RUB,United States of America
Logan Sargeant,SAR,United States of America
Lorenzo Bandini,BAN,Italy
Loris Kessel,KES,Switzerland
Louis Chiron,CHI,Monaco
Louis Rosier,ROS,France
Luca Badoer,BAD,Italy
Lucas di Grassi,DIG,Brazil
Luciano Burti,BUR,Brazil
Lucien Bianchi,BIA,Belgium
Ludovico Scarfiotti,SCA,Italy
Ludwig Fischer,FIS,Germany
Luigi Fagioli,FAG,Italy
Luigi Musso,MUS,Italy
Luigi Piotti,PIO,Italy
Luigi Taramazzo,TAR,Italy
Luigi Villoresi,VIL,Italy
Luis Perez-Sala,PER,Spain
Luiz Bueno,BUE,Brazil
Luiz Razia,RAZ,Brazil
Luke Browning,BRO,United Kingdom
Luki Botha,BOT,South Africa
Qing Hua Ma,QIN,China
Mack Hellings,HEL,United States of America
Manfred Winkelhock,WIN,Germany
Manny Ayulo,AYU,United States of America
Marc Gene,GEN,Spain
Marc Surer,SUR,Switzerland
Marcel Balsa,BAL,France
Marco Apicella,API,Italy
Marcus Ericsson,ERI,Sweden
Maria Teresa de Filippis,DEF,Italy
Mario Andretti,AND,United States of America
Mario de Araujo Cabral,DEA,Portugal
Mark Blundell,BLU,United Kingdom
Mark Donohue,DON,United States of America
Mark Webber,WEB,Australia
Markus Winkelhock,WIN,Germany
Marshall Teague,TEA,United States of America
Martin Brundle,BRU,United Kingdom
Martin Donnelly,DON,United Kingdom
Masahiro Hasemi,HAS,Japan
Masami Kuwashima,KUW,Japan
Massimo Natili,NAT,Italy
Masten Gregory,GRE,United States of America
Matteo Bobbi,BOB,Italy
Mauri Rose,ROS,United States of America
Maurice Trintignant,TRI,France
Mauricio Gugelmin,GUG,Brazil
Mauro Baldi,BAL,Italy
Max Chilton,CHI,United Kingdom
Max de Terra,DET,Switzerland
Max Jean,JEA,France
Max Papis,PAP,Italy
Max Verstappen,VER,Netherlands
Michael Ammermuller,AMM,Germany
Michael Andretti,AND,United States of America
Michael Bartels,BAR,Germany
Michael Bleekemolen,BLE,Netherlands
Michael May,MAY,Switzerland
Michael Schumacher,MSC,Germany
Michel Leclere,LEC,France
Michele Alboreto,ALB,Italy
Mick Schumacher,MSC,Germany
Miguel Angel Guerra,GUE,Argentina
Mika Hakkinen,HAK,Finland
Mika Salo,SAL,Finland
Mike Beuttler,BEU,United Kingdom
Mike Fisher,FIS,United States of America
Mike Hailwood,HAI,United Kingdom
Mike Harris,HAR,South Africa
Mike Hawthorn,HAW,United Kingdom
Mike MacDowel,MAC,United Kingdom
Mike Magill,MAG,United States of America
Mike Nazaruk,NAZ,United States of America
Mike Parkes,PAR,United Kingdom
Mike Sparken,SPA,France
Mike Spence,SPE,United Kingdom
Mike Taylor,TAY,United Kingdom
Mike Thackwell,THA,New Zealand
Mike Wilds,WIL,United Kingdom
Mikko Kozarowitzky,KOZ,Finland
Moises Solana,SOL,Mexico
Myron Fohr,FOH,United States of America
Nanni Galli,GAL,Italy
Naoki Hattori,HAT,Japan
Naoki Yamamoto,YAM,Japan
Narain Karthikeyan,KAR,India
Nasif Estefano,EST,Argentina
Neel Jani,JAN,Switzerland
Nello Pagani,PAG,Italy
Nelson Piquet Jr.,PIQ,Brazil
Nelson Piquet,PIQ,Brazil
Neville Lederle,LED,South Africa
Nicholas Latifi,LAT,Canada
Nick Heidfeld,HEI,Germany
Nico Hulkenberg,HUL,Germany
Nico Rosberg,ROS,Germany
Nicola Larini,LAR,Italy
Nicolas Kiesa,KIE,Denmark
Nigel Mansell,MAN,United Kingdom
Niki Lauda,LAU,Austria
Nikita Mazepin,MAZ,Russia
Nino Farina,FAR,Italy
Nino Vaccarella,VAC,Italy
Norberto Fontana,FON,Argentina
Noritake Takahara,TAK,Japan
Nyck de Vries,DEV,Netherlands
Oliver Bearman,BEA,United Kingdom
Olivier Beretta,BER,Monaco
Olivier Gendebien,GEN,Belgium
Olivier Grouillard,GRO,France
Olivier Panis,PAN,France
Onofre Marimon,MAR,Argentina
Oscar Alfredo Galvez,GAL,Argentina
Oscar Gonzalez,GON,Uruguay
Oscar Larrauri,LAR,Argentina
Oscar Piastri,PIA,Australia
Oswald Karch,KAR,Germany
Otto Stuppacher,STU,Austria
Ottorino Volonterio,VOL,Switzerland
Pablo Birger,BIR,Argentina
Paco Godia,GOD,Spain
Paddy Driver,DRI,South Africa
Paolo Barilla,BAR,Italy
Pascal Fabre,FAB,France
Pascal Wehrlein,WEH,Germany
Pastor Maldonado,MAL,Venezuela
Pat Flaherty,FLA,United States of America
Pat O'Connor,O'C,United States of America
Patricio O'Ward,OWA,Mexico
Patrick Depailler,DEP,France
Patrick Friesacher,FRI,Austria
Patrick Gaillard,GAI,France
Patrick Neve,NEV,Belgium
Patrick Tambay,TAM,France
Paul Belmondo,BEL,France
Paul di Resta,DIR,United Kingdom
Paul Emery,EME,United Kingdom
Paul England,ENG,Australia
Paul Frere,FRE,Belgium
Paul Goldsmith,GOL,United States of America
Paul Hawkins,HAW,Australia
Paul Pietsch,PIE,Germany
Paul Russo,RUS,United States of America
Pedro Chaves,CHA,Portugal
Pedro de la Rosa,DLR,Spain
Pedro Diniz,DIN,Brazil
Pedro Lamy,LAM,Portugal
Pedro Rodriguez,ROD,Mexico
Perry McCarthy,MCC,United Kingdom
Pete Lovely,LOV,United States of America
Peter Arundell,ARU,United Kingdom
Peter Ashdown,ASH,United Kingdom
Peter Broeker,BRO,Canada
Peter Collins,COL,United Kingdom
Peter de Klerk,DEK,South Africa
Peter Gethin,GET,United Kingdom
Peter Hirt,HIR,Switzerland
Peter Revson,REV,United States of America
Peter Ryan,RYA,Canada
Peter Walker,WAL,United Kingdom
Peter Westbury,WES,United Kingdom
Peter Whitehead,WHI,United Kingdom
Phil Cade,CAD,United States of America
Phil Hill,HIL,United States of America
Philip Fotheringham-Parker,FOT,United Kingdom
Philippe Adams,ADA,Belgium
Philippe Alliot,ALL,France
Philippe Etancelin,ETA,France
Philippe Streiff,STR,France
Piercarlo Ghinzani,GHI,Italy
Pierluigi Martini,MAR,Italy
Piero Carini,CAR,Italy
Piero Drogo,DRO,Italy
Piero Dusio,DUS,Italy
Piero Scotti,SCO,Italy
Piero Taruffi,TAR,Italy
Pierre Gasly,GAS,France
Pierre-Henri Raphanel,RAP,France
Pierre Levegh,LEV,France
Piers Courage,COU,United Kingdom
Pietro Fittipaldi,FIT,Brazil
Raffaele Marciello,MAR,Italy
Ralf Schumacher,RSC,Germany
Ralph Firman,FIR,Ireland
Raul Boesel,BOE,Brazil
Ray Crawford,CRA,United States of America
Raymond Sommer,SOM,France
Red Amick,AMI,United States of America
Reg Parnell,PAR,United Kingdom
Reine Wisell,WIS,Sweden
Renato Pirocchi,PIR,Italy
Rene Arnoux,ARN,France
Renzo Zorzi,ZOR,Italy
Ricardo Londono,LON,Colombia
Ricardo Rodriguez,ROD,Mexico
Ricardo Rosset,ROS,Brazil
Ricardo Zonta,ZON,Brazil
Ricardo Zunino,ZUN,Argentina
Riccardo Paletti,PAL,Italy
Riccardo Patrese,PAT,Italy
Richard Attwood,ATT,United Kingdom
Richard Robarts,ROB,United Kingdom
Richie Ginther,GIN,United States of America
Rikky von Opel,VON,Liechtenstein
Rio Haryanto,HAR,Indonesia
Rob Schroeder,SCH,United States of America
Robert Doornbos,DOO,Netherlands
Robert Kubica,KUB,Poland
Robert La Caze,LAC,Morocco
Robert Manzon,MAN,France
Robert O'Brien,O'B,United States of America
Robert Shwartzman,SHW,Russia
Robert Wickens,WIC,Canada
Roberto Bonomi,BON,Argentina
Roberto Bussinello,BUS,Italy
Roberto Guerrero,GUE,Colombia
Roberto Lippi,LIP,Italy
Roberto Merhi,MER,Spain
Roberto Mieres,MIE,Argentina
Roberto Moreno,MOR,Brazil
Robin Frijns,FRI,Netherlands
Robin Montgomerie-Charrington,MON,United Kingdom
Robin Widdows,WID,United Kingdom
Rodger Ward,WAR,United States of America
Rodney Nuckey,NUC,United Kingdom
Rodolfo Gonzalez,GON,Venezuela
Roelof Wunderink,WUN,Netherlands
Roger Laurent,LAU,Belgium
Roger Loyer,LOY,France
Roger Penske,PEN,United States of America
Roger Williamson,WIL,United Kingdom
Roland Ratzenberger,RAT,Austria
Rolf Stommelen,STO,Germany
Romain Grosjean,GRO,France
Ron Flockhart,FLO,United Kingdom
Ronnie Bucknum,BUC,United States of America
Ronnie Peterson,PET,Sweden
Roy Nissany,NIS,Israel
Roy Salvadori,SAL,United Kingdom
Rubens Barrichello,BAR,Brazil
Rudi Fischer,FIS,Switzerland
Rudolf Krause,KRA,Germany
Rudolf Schoeller,SCH,Switzerland
Rupert Keegan,KEE,United Kingdom
Ryan Briscoe,BRI,Australia
Ryo Hirakawa,HIR,Japan
Sakon Yamamoto,YAM,Japan
Sam Hanks,HAN,United States of America
Sam Posey,POS,United States of America
Sam Tingle,TIN,Zimbabwe
Satoru Nakajima,NAK,Japan
Satoshi Motoyama,MOT,Japan
Scott Speed,SPE,United States of America
Sean Gelael,GEL,Indonesia
Sebastian Vettel,VET,Germany
Sebastien Bourdais,BOU,France
Sebastien Buemi,BUE,Switzerland
Sergey Sirotkin,SIR,Russia
Sergio Mantovani,MAN,Italy
Sergio Perez,PER,Mexico
Shinji Nakano,NAK,Japan
Shorty Templeman,TEM,United States of America
Siegfried Stohr,STO,Italy
Silvio Moser,MOS,Switzerland
Skip Barber,BAR,United States of America
Slim Borgudd,BOR,Sweden
Spider Webb,WEB,United States of America
Stefan Bellof,BEL,Germany
Stefan Johansson,JOH,Sweden
Stefano Modena,MOD,Italy
Stephane Sarrazin,SAR,France
Stephen South,SOU,United Kingdom
Stirling Moss,MOS,United Kingdom
Stoffel Vandoorne,VAN,Belgium
Stuart Lewis-Evans,LEW,United Kingdom
Susie Wolff,WOL,United Kingdom
Taki Inoue,INO,Japan
Takuma Sato,SAT,Japan
Tarso Marques,MAR,Brazil
Ted Whiteaway,WHI,United Kingdom
Teddy Pilette,PIL,Belgium
Teo Fabi,FAB,Italy
Theo Fitzau,FIT,Germany
Theo Helfrich,HEL,Germany
Theo Pourchaire,POU,France
Thierry Boutsen,BOU,Belgium
Tiago Monteiro,MON,Portugal
Tiff Needell,NEE,United Kingdom
Tim Parnell,PAR,United Kingdom
Tim Schenken,SCH,Australia
Timmy Mayer,MAY,United States of America
Timo Glock,GLO,Germany
Tom Bels,BEL,Denmark
Tom Bridger,BRI,United Kingdom
Tom Jones,JON,United States of America
Tom Pryce,PRY,United Kingdom
Tomas Enge,ENG,Czech Republic
Tommy Byrne,BYR,Ireland
Toni Branca,BRA,Switzerland
Toni Ulmen,ULM,Germany
Tony Bettenhausen,BET,United States of America
Tony Brise,BRI,United Kingdom
Tony Brooks,BRO,United Kingdom
Tony Crook,CRO,United Kingdom
Tony Gaze,GAZ,Australia
Tony Maggs,MAG,South Africa
Tony Marsh,MAR,United Kingdom
Tony Rolt,ROL,United Kingdom
Tony Settember,SET,United States of America
Tony Shelly,SHE,New Zealand
Tony Trimmer,TRI,United Kingdom
Toranosuke Takagi,TAK,Japan
Torsten Palm,PAL,Sweden
Toshio Suzuki,SUZ,Japan
Trevor Blokdyk,BLO,South Africa
Trevor Taylor,TAY,United Kingdom
Troy Ruttman,RUT,United States of America
Ukyo Katayama,KAT,Japan
Umberto Maglioli,MAG,Italy
Valtteri Bottas,BOT,Finland
Vern Schuppan,SCH,Australia
Vic Elford,ELF,United Kingdom
Vic Wilson,WIL,United Kingdom
Vincenzo Sospiri,SOS,Italy
Vitaly Petrov,PET,Russia
Vitantonio Liuzzi,LIU,Italy
Vittorio Brambilla,BRA,Italy
Volker Weidler,WEI,Germany
Walt Ader,ADE,United States of America
Walt Brown,BRO,United States of America
Walt Faulkner,FAU,United States of America
Walt Hansgen,HAN,United States of America
Warwick Brown,BRO,Australia
Wayne Weiler,WEI,United States of America
Will Stevens,STE,United Kingdom
Willi Heeks,HEE,Germany
Willi Krakau,KRA,Germany
William Ferguson,FER,South Africa
Willy Mairesse,MAI,Belgium
Wilson Fittipaldi,FIT,Brazil
Wolfgang Seidel,SEI,Germany
Wolfgang von Trips,VON,Germany
Xavier Perrot,PER,Switzerland
Yannick Dalmas,DAL,France
Yuji Ide,IDE,Japan
Yuki Tsunoda,TSU,Japan
Yves Giraud-Cabantous,CAB,France
Zak O'Sullivan,OSU,United Kingdom
Zsolt Baumgartner,BAU,Hungary
