Constructor,NumberOfEntries
Ferrari,2445
McLaren,2041
Williams,1760
Lotus,1424
Brabham,1006
Sauber,977
Renault,968
Tyrrell,884
Red Bull,788
Arrows,784
Toro Rosso,750
Minardi,676
Mercedes,652
Ligier,613
March,578
BRM,560
Cooper,537
Benetton,520
Jordan,500
Force India,500
Alfa Romeo,449
Maserati,442
Haas,380
Lola,284
Toyota,280
Caterham,266
Surtees,263
Osella,253
Shadow,240
BAR,236
Kurtis Kraft,225
Aston Martin,191
Jaguar,170
Prost,166
Fittipaldi,156
Ensign,156
ATS,156
Honda,152
Marussia,147
Dallara,144
Zakspeed,136
Toleman,131
AGS,125
Matra,121
HRT,114
Gordini,107
Stewart,98
Hesketh,97
Talbot-Lago,83
Coloni,81
Super Aguri,78
Virgin,76
Porsche,76
Eurobrun,76
RAM,73
Vanwall,71
Pacific,66
Theodore,64
Leyton House,64
Larrousse,64
Wolf,54
Forti,54
Connaught,54
Onyx,52
Rial,48
HWM,48
Penske,46
Manor,42
Fondmetal,42
Simtek,40
Kuzma,40
Midland,36
Eagle,35
Spyker,34
Brawn,34
Venturi,32
Modena,32
Merzario,32
Simca-Gordini,26
Spirit,25
Watson,22
Hill,20
BRP,19
Veritas,18
De Tomaso,18
Andrea Moda,18
Epperly,17
Parnelli,16
Tecno,15
Lesovsky,15
Life,14
Lancia,13
ERA,13
OSCA,11
Stevens,10
Scirocco,9
Scarab,9
AFM,9
Trojan,8
Schroeder,8
Maki,8
LDS,8
Eifelland,8
Deidt,8
Boro,8
Phillips,7
Martini,7
Emeryson,7
Trevis,6
JBW,6
Gilby,6
Bellasi,6
Alta,6
LEC,5
Bromme,5
Amon,5
Token,4
Pawl,4
Nichels,4
Frazer Nash,4
Behra Porsche,4
Aston Butterworth,4
Rebaque,3
Moore,3
Kojima,3
Ewing,3
Dunn,3
BMW,3
Sherman,2
Protos,2
Pankratz,2
Meskowski,2
Marchese,2
Lyncar,2
Kauhsen,2
Heck,2
Ferguson,2
Connew,2
Christensen,2
Alfa Special,2
Adams,2
Wetteroth,1
Turner,1
Tec Mec,1
Sutton,1
Stebro,1
Snowberger,1
Shannon,1
Reif,1
Rae,1
Politoys,1
Olson,1
Nacke,1
Mcguire,1
Langley,1
Krakau,1
Klenk,1
Hall,1
Greifzu,1
Fry,1
Elder,1
ENB,1
EMW,1
Derrington Francis,1
Del Roy,1
Cisitalia,1
Bugatti,1
Balsa,1
Arzani Volpini,1
Apollon,1
