Constructor,PodiumsAchieved
Ferrari,832
McLaren,524
Williams,314
Mercedes,298
Red Bull,282
Lotus,172
Brabham,124
Renault,109
Benetton,102
Tyrrell,77
BRM,61
Cooper,58
Ligier,50
Maserati,34
Sauber,27
Alfa Romeo,26
Caterham,25
Matra,21
March,21
Jordan,19
Kurtis Kraft,16
Brawn,15
BAR,15
Vanwall,14
Wolf,13
Toyota,13
Force India,10
Honda,9
Aston Martin,9
Arrows,9
Shadow,7
Hesketh,7
Watson,5
Toro Rosso,5
Stewart,5
Porsche,5
Epperly,5
Toleman,3
Prost,3
Penske,3
Lola,3
Kuzma,3
Fittipaldi,3
Talbot-Lago,2
Surtees,2
Jaguar,2
Gordini,2
Eagle,2
Deidt,2
Dallara,2
Phillips,1
Onyx,1
Leyton House,1
Lesovsky,1
Lancia,1
