Driver,PodiumsAchieved
Lewis Hamilton,202
Michael Schumacher,155
Sebastian Vettel,122
Max Verstappen,112
Fernando Alonso,106
Alain Prost,106
Kimi Raikkonen,103
Ayrton Senna,80
Rubens Barrichello,68
Valtteri Bottas,67
David Coulthard,62
Nelson Piquet,60
Nigel Mansell,59
Nico Rosberg,57
Niki Lauda,54
Mika Hakkinen,51
Jenson Button,50
Gerhard Berger,48
Carlos Reutemann,45
Jackie Stewart,43
Charles Leclerc,43
Mark Webber,42
Damon Hill,42
Felipe Massa,41
Sergio Perez,39
Riccardo Patrese,37
Graham Hill,36
Juan Manuel Fangio,35
Emerson Fittipaldi,35
Jody Scheckter,33
Jacques Laffite,33
Denny Hulme,33
Jim Clark,32
Jean Alesi,32
Daniel Ricciardo,32
Jack Brabham,31
Juan Pablo Montoya,30
Clay Regazzoni,28
Ralf Schumacher,27
Carlos Sainz,27
Bruce McLaren,27
Ronnie Peterson,26
Lando Norris,26
Eddie Irvine,26
Jacky Ickx,25
John Surtees,24
Alan Jones,24
Michele Alboreto,23
James Hunt,23
Jacques Villeneuve,23
Stirling Moss,22
Rene Arnoux,22
John Watson,20
Patrick Depailler,19
Mario Andretti,19
Giancarlo Fisichella,19
Dan Gurney,19
Nino Farina,18
Heinz Harald Frentzen,18
Keke Rosberg,17
Phil Hill,16
Mike Hawthorn,16
Alberto Ascari,16
Thierry Boutsen,15
George Russell,15
Richie Ginther,14
Nick Heidfeld,13
Jose Froilan Gonzalez,13
Jochen Rindt,13
Gilles Villeneuve,13
Francois Cevert,13
Didier Pironi,13
Stefan Johansson,12
Robert Kubica,12
Patrick Tambay,11
Jarno Trulli,11
Chris Amon,11
Tony Brooks,10
Romain Grosjean,10
Oscar Piastri,10
Peter Collins,9
Martin Brundle,9
Elio De Angelis,9
Eddie Cheever,9
Alessandro Nannini,9
Peter Revson,8
Lorenzo Bandini,8
Jochen Mass,8
Jean Pierre Beltoise,8
Pedro Rodriguez,7
Maurice Trintignant,7
Luigi Villoresi,7
Luigi Musso,7
Johnny Herbert,7
Jean Behra,7
Wolfgang Von Trips,6
Jo Siffert,6
Carlos Pace,6
Pierre Gasly,5
Piero Taruffi,5
Olivier Panis,5
Luigi Fagioli,5
Andrea De Cesaris,5
Sam Hanks,4
Jim Rathmann,4
Innes Ireland,4
Heikki Kovalainen,4
Gunnar Nilsson,4
Esteban Ocon,4
Derek Warwick,4
Tony Maggs,3
Timo Glock,3
Masten Gregory,3
Mark Blundell,3
Lance Stroll,3
Jimmy Bryan,3
Jean Pierre Jarier,3
Ivan Capelli,3
Eugenio Castellotti,3
Daniil Kvyat,3
Alexander Wurz,3
Tom Pryce,2
Teo Fabi,2
Stuart Lewis Evans,2
Stefano Modena,2
Rudi Fischer,2
Roy Salvadori,2
Rodger Ward,2
Robert Manzon,2
Piers Courage,2
Peter Arundell,2
Onofre Marimon,2
Olivier Gendebien,2
Mike Parkes,2
Mike Hailwood,2
Mika Salo,2
Louis Rosier,2
Karl Kling,2
Jos Verstappen,2
Jean Pierre Jabouille,2
Jackie Oliver,2
Jack Mcgrath,2
Harry Schell,2
Hans Joachim Stuck,2
Felice Bonetto,2
Bill Vukovich,2
Alexander Albon,2
Willy Mairesse,1
Vittorio Brambilla,1
Vitaly Petrov,1
Umberto Maglioli,1
Troy Ruttman,1
Trevor Taylor,1
Tony Bettenhausen,1
Tim Schenken,1
Tiago Monteiro,1
Takuma Sato,1
Rolf Stommelen,1
Roberto Moreno,1
Richard Attwood,1
Reine Wisell,1
Reg Parnell,1
Philippe Streiff,1
Peter Whitehead,1
Peter Gethin,1
Pedro De La Rosa,1
Paul Russo,1
Paul Goldsmith,1
Paul Frere,1
Pat Flaherty,1
Pastor Maldonado,1
Nicola Larini,1
Nelson Piquet Jr,1
Mike Spence,1
Mike Nazaruk,1
Michael Andretti,1
Mauricio Gugelmin,1
Mauri Rose,1
Mark Donohue,1
Ludovico Scarfiotti,1
Lucien Bianchi,1
Louis Chiron,1
Lee Wallard,1
Kevin Magnussen,1
Kamui Kobayashi,1
Johnny Thomson,1
Johnny Servoz Gavin,1
Johnny Boyd,1
Johnnie Parsons,1
John Love,1
Jo Bonnier,1
Jj Lehto,1
Henri Pescarolo,1
Hans Herrmann,1
Gianni Morbidelli,1
Giancarlo Baghetti,1
George Follmer,1
George Amick,1
Eric Bernard,1
Dorino Serafini,1
Don Freeland,1
Cliff Allison,1
Cesare Perdisa,1
Carlos Menditeguy,1
Bruno Giacomelli,1
Brian Redman,1
Bob Sweikert,1
Bob Anderson,1
Bill Holland,1
Art Cross,1
Alfonso De Portago,1
Aguri Suzuki,1
