Driver,NumberOfEntries
Fernando Alonso,404
Lewis Hamilton,356
Kimi Raikkonen,352
Rubens Barrichello,326
Jenson Button,309
Michael Schumacher,308
Sebastian Vettel,300
Sergio Perez,283
Felipe Massa,271
Riccardo Patrese,257
Daniel Ricciardo,257
Jarno Trulli,256
Valtteri Bottas,247
David Coulthard,247
Giancarlo Fisichella,231
Nico Hulkenberg,230
Mark Webber,217
Michele Alboreto,215
Andrea De Cesaris,214
Gerhard Berger,210
Max Verstappen,209
Carlos Sainz,208
Nelson Piquet,207
Nico Rosberg,206
Jean Alesi,202
Alain Prost,202
Nigel Mansell,191
Kevin Magnussen,186
Nick Heidfeld,185
Romain Grosjean,181
Ralf Schumacher,180
Jacques Laffite,180
Graham Hill,179
Niki Lauda,176
Lance Stroll,168
Mika Hakkinen,165
Martin Brundle,165
Johnny Herbert,165
Jacques Villeneuve,165
Thierry Boutsen,164
Rene Arnoux,164
Derek Warwick,162
Ayrton Senna,162
Heinz Harald Frentzen,159
Olivier Panis,158
Esteban Ocon,156
Pierre Gasly,154
John Watson,154
Emerson Fittipaldi,149
Charles Leclerc,149
Eddie Irvine,147
Carlos Reutemann,146
Jean Pierre Jarier,143
Eddie Cheever,143
Clay Regazzoni,139
Mario Andretti,131
Jack Brabham,129
Lando Norris,128
Keke Rosberg,128
George Russell,128
Adrian Sutil,128
Pierluigi Martini,124
Ronnie Peterson,123
Patrick Tambay,123
Jacky Ickx,122
Damon Hill,122
Alan Jones,117
Philippe Alliot,116
Jochen Mass,114
John Surtees,113
Jody Scheckter,113
Heikki Kovalainen,112
Denny Hulme,112
Daniil Kvyat,112
Piercarlo Ghinzani,111
Mika Salo,111
Elio De Angelis,109
Jo Bonnier,108
Chris Amon,108
Pedro De La Rosa,107
Jos Verstappen,107
Alexander Albon,105
Bruce McLaren,104
Stefan Johansson,103
Jo Siffert,100
Jackie Stewart,100
Robert Kubica,99
Pedro Diniz,99
Ivan Capelli,98
Ukyo Katayama,97
Marcus Ericsson,97
Pastor Maldonado,96
Timo Glock,95
Patrick Depailler,95
Juan Pablo Montoya,95
James Hunt,93
Takuma Sato,91
Yuki Tsunoda,90
Marc Surer,88
Jonathan Palmer,88
Jean Pierre Beltoise,88
Aguri Suzuki,88
Dan Gurney,87
Maurice Trintignant,86
Arturo Merzario,85
Bertrand Gachot,84
Bruno Giacomelli,82
Stefano Modena,81
Hans Joachim Stuck,81
Vitantonio Liuzzi,80
Satoru Nakajima,80
Mauricio Gugelmin,80
Vittorio Brambilla,79
Gabriele Tarquini,78
Alessandro Nannini,78
Kamui Kobayashi,76
Alex Caffi,76
Roberto Moreno,75
Nicola Larini,75
Jim Clark,74
Stirling Moss,73
Carlos Pace,73
Didier Pironi,72
Teo Fabi,71
Jj Lehto,70
Gianni Morbidelli,70
Alexander Wurz,69
Guanyu Zhou,68
Gilles Villeneuve,68
Rolf Stommelen,64
Henri Pescarolo,64
Harry Schell,64
Derek Daly,64
Mark Blundell,63
Erik Comas,63
Olivier Grouillard,62
Jochen Rindt,62
Antonio Giovinazzi,62
Nicholas Latifi,61
Paul Di Resta,59
Esteban Gutierrez,59
Vitaly Petrov,58
Luca Badoer,58
Juan Manuel Fangio,58
Jean Eric Vergne,58
Jean Behra,58
Hector Rebaque,58
Manfred Winkelhock,56
Jean Pierre Jabouille,56
Sebastien Buemi,55
Pedro Rodriguez,55
Richie Ginther,54
Philippe Streiff,54
Innes Ireland,53
Phil Hill,52
Jackie Oliver,52
Christian Klien,51
Yannick Dalmas,50
Roy Salvadori,50
Mike Hailwood,50
Mike Hawthorn,49
Francois Cevert,48
Narain Karthikeyan,47
Eric Bernard,47
Christian Danner,47
Oscar Piastri,46
Jaime Alguersuari,46
Christijan Albers,46
Bruno Senna,46
Mick Schumacher,44
Masten Gregory,44
Alex Zanardi,44
Christian Fittipaldi,43
Brett Lunger,43
Tom Pryce,42
Stoffel Vandoorne,42
Lorenzo Bandini,42
Karl Wendlinger,42
Tony Brooks,41
Mauro Baldi,41
Jan Lammers,41
Howden Ganley,41
Felipe Nasr,40
Emanuele Pirro,40
Peter Collins,39
Pascal Wehrlein,39
Louis Rosier,39
Charles Pic,39
Wilson Fittipaldi,38
Ricardo Zonta,38
Mike Spence,38
Tiago Monteiro,37
Rupert Keegan,37
Nino Farina,37
Jolyon Palmer,37
Eliseo Salazar,37
Brian Henton,37
Tim Schenken,36
Marc Gene,36
Logan Sargeant,36
Kazuki Nakajima,36
Andrea De Adamich,36
Alberto Ascari,36
Max Chilton,35
Luigi Villoresi,35
Jules Bianchi,34
Bernd Schneider,34
Shinji Nakano,33
Ricardo Rosset,33
Chico Serra,33
Toranosuke Takagi,32
Peter Revson,32
Pedro Lamy,32
Luis Perez Sala,32
Gunnar Nilsson,32
Peter Gethin,31
Carel Godin De Beaufort,31
Raul Boesel,30
Piers Courage,30
Huub Rothengatter,30
David Brabham,30
Wolfgang Von Trips,29
Trevor Taylor,29
Robert Manzon,29
Mike Beuttler,29
Jose Froilan Gonzalez,29
Harald Ertl,29
Eric Van De Poele,29
Enrique Bernoldi,29
Bob Anderson,29
Scott Speed,28
Roberto Guerrero,28
Nelson Piquet Jr,28
Cristiano Da Matta,28
Andrea Montermini,28
Tony Maggs,27
Sebastien Bourdais,27
Paul Belmondo,27
Tarso Marques,26
Luigi Musso,26
Johnny Claes,25
Jan Magnussen,25
Brendon Hartley,25
Anthony Davidson,24
Reine Wisell,23
Johnny Cecotto,23
Emmanuel De Graffenried,23
Stefan Bellof,22
Nikita Mazepin,22
Gregor Foitek,22
Sergey Sirotkin,21
Sakon Yamamoto,21
Oscar Larrauri,21
Hans Herrmann,21
Giancarlo Baghetti,21
Gaston Mazzacane,21
Francois Hesnault,21
Adrian Campos,21
Zsolt Baumgartner,20
Will Stevens,20
Silvio Moser,20
Nanni Galli,20
Julian Bailey,20
Jerome Dambrosio,20
Ian Scheckter,20
Ian Burgess,20
Fabrizio Barbazza,20
Antonio Pizzonia,20
Alex Ribeiro,20
Piero Taruffi,19
Lucien Bianchi,19
Lucas Di Grassi,19
Louis Chiron,19
Giedo Van Der Garde,19
Birabongse Bhanudej,19
Taki Inoue,18
Richard Attwood,18
Horace Gould,18
Gianmaria Bruni,18
Eugenio Castellotti,18
Corrado Fabi,18
Cliff Allison,18
Alex Yoong,18
Roberto Mieres,17
Pierre Henri Raphanel,17
Lella Lombardi,17
Guy Edwards,17
Felice Bonetto,17
Beppe Gabbiani,17
Allan Mcnish,17
Mark Donohue,16
Ken Wharton,16
Justin Wilson,16
Johnny Dumfries,16
Francois Migault,16
Esteban Tuero,16
Derek Bell,16
Slim Borgudd,15
Paolo Barilla,15
Olivier Gendebien,15
Martin Donnelly,15
Luciano Burti,15
Larry Perkins,15
Lance Macklin,15
John Miles,15
Hans Binder,15
Giorgio Scarlatti,15
Danny Sullivan,15
Brian Redman,15
Stuart Lewis Evans,14
Ron Flockhart,14
Roberto Merhi,14
Rikky Von Opel,14
Ralph Firman,14
Patrick Neve,14
Pascal Fabre,14
Paco Godia,14
Giorgio Pantano,14
Emilio De Villota,14
Dave Charlton,14
Claudio Langes,14
Andre Pilette,14
Yves Giraud Cabantous,13
Wolfgang Seidel,13
Willy Mairesse,13
Vic Elford,13
Vern Schuppan,13
Tony Bettenhausen,13
Siegfried Stohr,13
Peter Arundell,13
Pedro Chaves,13
Michael Andretti,13
Johnny Servoz Gavin,13
Jack Fairman,13
Guy Ligier,13
George Follmer,13
George Eaton,13
Rodger Ward,12
Rio Haryanto,12
Philippe Etancelin,12
Peter Whitehead,12
Onofre Marimon,12
Ludovico Scarfiotti,12
Karl Kling,12
Jim Rathmann,12
Jim Hall,12
Geoff Lees,12
Carlos Menditeguy,12
Bob Evans,12
Andre Simon,12
Ronnie Bucknum,11
Robert Doornbos,11
Ricardo Zunino,11
Pete Lovely,11
Paul Frere,11
Patrick Friesacher,11
Nyck De Vries,11
Liam Lawson,11
Karun Chandhok,11
Jean Christophe Boullion,11
Ian Ashley,11
Henry Taylor,11
David Walker,11
David Purley,11
Andy Linden,11
Volker Weidler,10
Umberto Maglioli,10
Tony Brise,10
Olivier Beretta,10
Kenny Acheson,10
Johnnie Parsons,10
John Love,10
Jackie Lewis,10
Helmut Marko,10
Giovanni Lavaggi,10
Gijs Van Lennep,10
Duane Carter,10
Chris Irwin,10
Andrea Chiesa,10
Alex Soler Roig,10
Troy Ruttman,9
Sergio Mantovani,9
Sam Hanks,9
Rudi Fischer,9
Paul Russo,9
Luigi Piotti,9
Johnny Thomson,9
Jimmy Bryan,9
Jean Marc Gounon,9
Gene Hartley,9
Fred Agabashian,9
Frank Gardner,9
Franco Colapinto,9
Eddie Johnson,9
Cesare Perdisa,9
Carroll Shelby,9
Bruce Halford,9
Bob Bondurant,9
Allen Berg,9
Alan Brown,9
Riccardo Paletti,8
Moises Solana,8
Mike Wilds,8
Michel Leclere,8
Luigi Fagioli,8
Jo Gartner,8
Jacques Swaters,8
Elie Bayol,8
Don Freeland,8
Brian Naylor,8
Bob Gerard,8
Tony Settember,7
Renzo Zorzi,7
Reg Parnell,7
Perry Mccarthy,7
Mike Parkes,7
Max Papis,7
Kenneth Mcalpine,7
Joachim Winkelhock,7
Jimmy Daywalt,7
Ian Raby,7
Hermano Da Silva Ramos,7
Gerino Gerini,7
Gerhard Mitter,7
Franck Montagny,7
Enrico Bertaggia,7
Domenico Schiattarella,7
David Kennedy,7
David Hobbs,7
Chuck Stevenson,7
Boy Hayje,7
Alan Stacey,7
Tony Trimmer,6
Skip Barber,6
Roelof Wunderink,6
Ricardo Rodriguez,6
Pierre Levegh,6
Pat Flaherty,6
Loris Kessel,6
Leo Kinnunen,6
Johnny Boyd,6
Jimmy Reece,6
Jimmy Davies,6
Jack Mcgrath,6
Ivor Bueb,6
Ingo Hoffmann,6
Hap Sharp,6
Emanuele Naspetti,6
Danny Ongais,6
Chuck Daigh,6
Chico Landi,6
Bernard Collomb,6
Alfonso De Portago,6
Walt Faulkner,5
Tony Marsh,5
Tommy Byrne,5
Tom Belso,5
Sam Tingle,5
Raymond Sommer,5
Peter Hirt,5
Patrick Gaillard,5
Pat Oconnor,5
Nino Vaccarella,5
Nicolas Kiesa,5
Mike Thackwell,5
Michael Bleekemolen,5
Mario De Araujo Cabral,5
Maria Teresa De Filippis,5
Lamberto Leoni,5
Keith Greene,5
John Taylor,5
Jerry Hoyt,5
Jacques Pollet,5
Hubert Hahne,5
Hans Stuck,5
Gino Munaron,5
Fred Wacker,5
Franco Rol,5
Eric Brandon,5
Edgar Barth,5
Ed Elisian,5
Duncan Hamilton,5
Dick Rathmann,5
David Murray,5
Consalvo Sanesi,5
Conny Andersson,5
Clemar Bucci,5
Bob Veith,5
Bob Sweikert,5
Bob Scott,5
Bob Christie,5
Bill Vukovich,5
Alexander Rossi,5
Al Keller,5
Al Herman,5
Yuji Ide,4
Tony Gaze,4
Tim Parnell,4
Teddy Pilette,4
Spider Webb,4
Richard Robarts,4
Peter Walker,4
Peter De Klerk,4
Norberto Fontana,4
Miguel Angel Guerra,4
Michael Bartels,4
Marshall Teague,4
Manny Ayulo,4
Lance Reventlow,4
Kurt Ahrens Jr,4
Jackie Pretorius,4
Jack Turner,4
Ignazio Giunti,4
Giulio Cabianca,4
Gino Bianco,4
Gerry Ashmore,4
Eugene Chaboud,4
Eddie Sachs,4
Eddie Russo,4
Duke Dinsmore,4
Chuck Weyant,4
Chris Bristow,4
Charles De Tornaco,4
Art Cross,4
Alessandro Pesenti Rossi,4
Tony Shelly,3
Tony Rolt,3
Toni Branca,3
Tomas Enge,3
Theo Helfrich,3
Shorty Templeman,3
Roland Ratzenberger,3
Roberto Lippi,3
Roberto Bussinello,3
Ray Crawford,3
Piero Carini,3
Paul Pietsch,3
Paul Hawkins,3
Paul Goldsmith,3
Ottorino Volonterio,3
Otto Stuppacher,3
Oliver Bearman,3
Mike Nazaruk,3
Mike Magill,3
Michael May,3
Les Leston,3
Len Sutton,3
Jose Dolhem,3
Johnny Mcdowell,3
Johnnie Tolan,3
Jo Schlesser,3
Jean Denis Deletraz,3
Jay Chamberlain,3
Jacques Villeneuve Sr,3
Hideki Noda,3
Henry Banks,3
Helmuth Koinigg,3
Guy Mairesse,3
Giovanna Amati,3
Gianfranco Brancatelli,3
Giacomo Russo,3
George Fonder,3
George Connor,3
Fritz Dorey,3
Franco Forini,3
Ernie Pieterse,3
Eitel Cantoni,3
Eddie Keizan,3
Duke Nalon,3
Doug Serrurier,3
Divina Galica,3
David Piper,3
Cuth Harrison,3
Cliff Griffith,3
Cal Niday,3
Bill Schindler,3
Bill Homeier,3
Bill Cheesbourg,3
Bill Brack,3
Bill Aston,3
Anthony Joseph Foyt,3
Alberto Colombo,3
Alan Rees,3
Al Pease,3
Willi Heeks,2
Walt Hansgen,2
Walt Brown,2
Vic Wilson,2
Trevor Blokdyk,2
Toshio Suzuki,2
Torsten Palm,2
Tony Crook,2
Toni Ulmen,2
Tiff Needell,2
Sam Posey,2
Rudolf Krause,2
Roger Williamson,2
Roger Penske,2
Roger Laurent,2
Rodney Nuckey,2
Red Amick,2
Pietro Fittipaldi,2
Philippe Adams,2
Peter Westbury,2
Paul Emery,2
Paddy Driver,2
Pablo Birger,2
Noritake Takahara,2
Neville Lederle,2
Nasif Estefano,2
Naoki Hattori,2
Mikko Kozarowitzky,2
Mike Taylor,2
Mike Fisher,2
Max De Terra,2
Mauri Rose,2
Massimo Natili,2
Mack Hellings,2
Lloyd Ruby,2
Leslie Marr,2
Lee Wallard,2
Kevin Cogan,2
Ken Kavanagh,2
Ken Downing,2
Keith Andrews,2
Kazuyoshi Hoshino,2
Karl Gunther Bechem,2
Jud Larson,2
Jorge Daponte,2
John Nicholson,2
John Fitch,2
John Campbell Jones,2
Joe Kelly,2
Joe James,2
Jimmy Jackson,2
Jim Mcwithey,2
Jim Crawford,2
Jean Louis Schlesser,2
Jan Flinterman,2
Jackie Holmes,2
Hiroshi Fushida,2
Hermann Lang,2
Henri Louveau,2
Giorgio Francia,2
Gerard Larrousse,2
Georges Berger,2
George Abecassis,2
Geoffrey Crossley,2
Gene Force,2
Gary Brabham,2
Franco Comotti,2
Franck Lagorce,2
Eugene Martin,2
Ernst Klodwig,2
Ernie Mccoy,2
Ernesto Brambilla,2
Eppie Wietzes,2
Don Branson,2
Dieter Quester,2
Dick Gibson,2
Dennis Poore,2
Dempsey Wilson,2
David Prophet,2
David Hampshire,2
Damien Magee,2
Colin Davis,2
Chris Lawrence,2
Chris Craft,2
Chet Miller,2
Cecil Green,2
Carl Scarborough,2
Brian Shawe Taylor,2
Brausch Niemann,2
Bobby Unser,2
Bobby Rahal,2
Bobby Grim,2
Bobby Ball,2
Billy Garrett,2
Bill Holland,2
Bernard De Dryver,2
Basil Van Rooyen,2
Arthur Legat,2
Andre Testut,2
Alejandro De Tomaso,2
Alberto Uria,2
Xavier Perrot,1
William Ferguson,1
Willi Krakau,1
Wayne Weiler,1
Warwick Brown,1
Walt Ader,1
Vincenzo Sospiri,1
Tom Jones,1
Tom Bridger,1
Timmy Mayer,1
Theo Fitzau,1
Ted Whiteaway,1
Stephen South,1
Stephane Sarrazin,1
Rudolf Schoeller,1
Roger Loyer,1
Robin Widdows,1
Robin Montgomerie Charrington,1
Roberto Bonomi,1
Robert Obrien,1
Robert La Caze,1
Rob Schroeder,1
Ricardo Londono,1
Renato Pirocchi,1
Piero Scotti,1
Piero Dusio,1
Piero Drogo,1
Philip Fotheringham Parker,1
Phil Cade,1
Peter Ryan,1
Peter Broeker,1
Peter Ashdown,1
Paul England,1
Oswald Karch,1
Oscar Gonzalez,1
Oscar Alfredo Galvez,1
Nello Pagani,1
Myron Fohr,1
Mike Sparken,1
Mike Macdowel,1
Mike Harris,1
Max Jean,1
Masami Kuwashima,1
Masahiro Hasemi,1
Markus Winkelhock,1
Marco Apicella,1
Marcel Balsa,1
Luki Botha,1
Luiz Bueno,1
Luigi Taramazzo,1
Ludwig Fischer,1
Leslie Thorne,1
Leslie Johnson,1
Len Duncan,1
Larry Crockett,1
Kurt Kuhnke,1
Kurt Adolff,1
Kunimitsu Takahashi,1
Ken Richardson,1
Juan Manuel Bordeu,1
Juan Jover,1
Josef Peters,1
Jonathan Williams,1
Joie Chitwood,1
Johnny Mantz,1
John Riseley Prichard,1
John Rhodes,1
John James,1
John Cordts,1
John Cannon,1
John Barber,1
Joe Fry,1
Jo Vonlanthen,1
Jimmy Stewart,1
Jim Rigsby,1
Jim Hurtubise,1
Jesus Iglesias,1
Jerry Unser Jr,1
Jean Lucienbonnet,1
Jean Lucas,1
Jean Claude Rudaz,1
Jack Doohan,1
Jack Aitken,1
Jac Nellemann,1
Ian Stewart,1
Herbert Mackay Fraser,1
Helmut Niedermayr,1
Helm Glockler,1
Heinz Schiller,1
Heini Walter,1
Harry Merkel,1
Harry Blanchard,1
Hans Klenk,1
Hans Heyer,1
Guy Tunmer,1
Gus Hutchison,1
Gunther Seiffert,1
Graham Whitehead,1
Graham Mcrae,1
Giovanni De Riu,1
Giorgio Bassi,1
Georges Grignard,1
George Constantine,1
George Amick,1
Gaetano Starrabba,1
Fritz Riess,1
Fred Gamble,1
Frank Dochnal,1
Frank Armi,1
Francois Picard,1
Francois Mazet,1
Ettore Chimeri,1
Erwin Bauer,1
Ernst Loof,1
Ernesto Prinoth,1
Eric Thompson,1
Emilio Zapico,1
Elmer George,1
Dries Van Der Lof,1
Dorino Serafini,1
Don Edmunds,1
Don Beauman,1
Desmond Titterington,1
Desire Wilson,1
Dennis Taylor,1
Dave Morgan,1
Danny Kladis,1
Colin Chapman,1
Clive Puzey,1
Clemente Biondetti,1
Chuck Arnold,1
Christian Goethals,1
Charles Pozzi,1
Carlo Franchi,1
Carlo Facetti,1
Carl Forberg,1
Bud Tingelstad,1
Bruce Kessler,1
Bruce Johnstone,1
Brian Mcguire,1
Brian Hart,1
Brian Gubby,1
Bob Said,1
Bob Drake,1
Bill Whitehouse,1
Bill Moss,1
Bill Mackey,1
Bill Cantrell,1
Bertil Roos,1
Bernie Ecclestone,1
Ben Pon,1
Bayliss Levrett,1
Asdrubal Fontes Bayardo,1
Arthur Owen,1
Art Bisch,1
Archie Scott Brown,1
Antonio Creus,1
Andy Sutcliffe,1
Andre Milhoux,1
Andre Lotterer,1
Andre Guelfi,1
Alfredo Pian,1
Alfonso Thiele,1
Aldo Gordini,1
Alberto Rodriguez Larreta,1
Alberto Crespo,1
Albert Scherrer,1
Alan Rollinson,1
Alain De Changy,1
Adolfo Schwelm Cruz,1
Adolf Brudes,1
