Driver,PolePositionsAchieved
Lewis Hamilton,104
Michael Schumacher,68
Ayrton Senna,65
Sebastian Vettel,57
Max Verstappen,40
Jim Clark,33
Alain Prost,33
Nigel Mansell,32
Nico Rosberg,30
Juan Manuel Fangio,29
Mika Hakkinen,26
Charles Leclerc,26
Niki Lauda,24
Nelson Piquet,24
Fernando Alonso,22
Valtteri Bottas,20
Damon Hill,20
Rene Arnoux,18
Mario Andretti,18
Kimi Raikkonen,18
Jackie Stewart,17
Stirling Moss,16
Felipe Massa,16
Rubens Barrichello,14
Ronnie Peterson,14
James Hunt,14
Alberto Ascari,14
Mark Webber,13
Juan Pablo Montoya,13
Jacques Villeneuve,13
Jacky Ickx,13
Jack Brabham,13
Graham Hill,13
Gerhard Berger,12
David Coulthard,12
Jochen Rindt,10
Lando Norris,9
Riccardo Patrese,8
John Surtees,8
Jenson Button,8
Jacques Laffite,7
Ralf Schumacher,6
Phil Hill,6
Jean Pierre Jabouille,6
George Russell,6
Emerson Fittipaldi,6
Carlos Sainz,6
Carlos Reutemann,6
Alan Jones,6
Patrick Tambay,5
Nino Farina,5
Keke Rosberg,5
Clay Regazzoni,5
Chris Amon,5
Mike Hawthorn,4
Jarno Trulli,4
Giancarlo Fisichella,4
Didier Pironi,4
Tony Brooks,3
Teo Fabi,3
Sergio Perez,3
Jose Froilan Gonzalez,3
Jody Scheckter,3
Jean Pierre Jarier,3
Elio De Angelis,3
Daniel Ricciardo,3
Dan Gurney,3
Stuart Lewis Evans,2
Michele Alboreto,2
John Watson,2
Jo Siffert,2
Jean Alesi,2
Heinz Harald Frentzen,2
Gilles Villeneuve,2
Wolfgang Von Trips,1
Walt Faulkner,1
Vittorio Brambilla,1
Tom Pryce,1
Thierry Boutsen,1
Robert Kubica,1
Peter Revson,1
Patrick Depailler,1
Pat Oconnor,1
Pat Flaherty,1
Pastor Maldonado,1
Nico Hulkenberg,1
Nick Heidfeld,1
Mike Parkes,1
Lorenzo Bandini,1
Lance Stroll,1
Johnny Thomson,1
Jo Bonnier,1
Jerry Hoyt,1
Jack Mcgrath,1
Heikki Kovalainen,1
Fred Agabashian,1
Eugenio Castellotti,1
Eddie Sachs,1
Duke Nalon,1
Dick Rathmann,1
Denny Hulme,1
Carlos Pace,1
Bruno Giacomelli,1
Bill Vukovich,1
Andrea De Cesaris,1
